{"cameraMode":{"drawMode":0,"name":"Shaded","section":"Shading Mode"},"sceneLighting":true,"audioPlay":false,"sceneViewState":{"m_AlwaysRefresh":false,"showFog":true,"showSkybox":true,"showFlares":true,"showImageEffects":true,"showParticleSystems":true,"showVisualEffectGraphs":true,"m_FxEnabled":true},"in2DMode":false,"pivot":{"x":-3.460855484008789,"y":2.7782163619995119,"z":2.5494604110717775},"rotation":{"x":-0.07462619990110398,"y":0.8646135330200195,"z":-0.13492998480796815,"w":-0.4781937897205353},"size":10.449999809265137,"orthographic":false}